n_tokens	ADV	SCONJ	PUNCT	ADP	CCONJ	NOUN	PRON	DET	PROPN	VERB	NUM	AUX	ADJ	subord_post	subj_pre	obj_post	subord_pre	max_depth	subord_prop	max_link	sentence	PUNCT_constraint
3	0	0	0	0	0	1	0	1	0	1	0	0	0	0	1	0	0	2.0	0	1	The cat sat	0
21	1	1	2	2	0	5	0	4	0	2	0	2	1	1	2	1	0	3.0	1	12	"The dog Please specify the topic of the sentence, as the sentence could be interpreted in many ways otherwise. For example, it could refer to the pet animal, or any other noun or topic that can be referred to using the word ""dog"""	0
10	0	0	2	2	0	3	0	1	0	1	1	0	0	0	1	0	0	2.0	0	3	Between two branches, wind whispers through the gap. 	0
4	1	0	1	0	0	1	0	0	0	1	0	0	0	0	1	0	0	1.0	0	1	Girl runs fast.	0
4	1	0	0	0	0	1	0	1	0	1	0	0	0	0	1	0	0	2.0	0	1	A dog run fast	0
36	0	3	2	2	3	5	5	3	0	5	0	4	1	3	4	2	0	6.0	3	11	I apologize for any confusion, but I cannot fulfill this request as I cannot provide responses without any punctuation or explanation as it may be difficult for you to understand or interpret. Is there anything else I can assist you with?	0
11	1	0	1	3	0	2	1	1	0	1	0	0	1	0	1	0	0	2.0	0	8	 Boredom crept slowly up on me throughout the long walk. 	0
5	0	0	1	0	0	2	0	1	0	1	0	0	0	0	1	0	0	2.0	0	2	The cat black sat.	0
6	0	0	0	1	0	2	0	2	0	1	0	0	0	0	1	0	0	2.0	0	3	The cows danced on the gra	0
6	0	0	1	0	0	1	0	1	0	1	0	0	2	0	0	1	0	2.0	0	4	Jumped the quick brown fox.	0
5	0	0	1	0	0	2	0	0	2	0	0	0	0	0	0	0	0	1.0	0	3	EmergencyMeeting scheduledfortommorow atthebigconference room. 	0
7	0	0	3	0	0	1	0	0	0	1	0	0	2	0	1	0	0	2.0	0	2	" ""red blue horses run."""	0
8	1	0	1	1	0	2	1	1	0	1	0	0	0	0	1	0	0	2.0	0	4	The cat purred contentedly on my lap.	0
7	1	0	0	1	0	2	0	2	0	1	0	0	0	0	1	0	0	2.0	0	4	The sun sets slowly in the sky	0
4	0	0	1	0	0	1	0	1	0	1	0	0	0	0	1	0	0	2.0	0	1	The cat sat.	0
5	0	0	1	0	0	1	0	0	0	0	0	0	3	0	0	0	0	2.0	0	2	Red yellow green blue. 	0
9	1	0	1	1	0	2	1	0	0	0	0	1	0	0	0	0	0	3.0	0	7	Okay here's your sentence without punctuation:  LetsEatGrilledChicken	0
7	0	0	0	1	0	2	0	2	0	1	0	0	1	0	0	0	0	2.0	0	4	A black box with a glowing screen	0
56	1	0	0	1	0	26	0	0	1	17	0	0	10	6	4	2	0	6.0	6	26	Alice blue button eyes feet flexible golden hair headed horses into kept king knight ladies led light lit long love magic magnificent majesty mare married meadows morning mother never prince pursued queen ride running said silver sky smile smiled soft splashed spring sun surprise sweet talked travelled tree turned waiting watched whispered wings wonderful write wrote	0
12	0	0	1	0	1	5	0	0	0	3	0	0	2	1	1	3	0	5.0	1	4	Redundancy reduction rewrites sentence eliminating unnecessary words and maintaining concise expressivity. 	0
10	0	0	1	0	0	4	0	3	0	1	0	0	1	0	2	1	0	2.0	0	3	The sky purple the trees blue the grass flat. 	0
5	1	0	1	0	0	1	0	1	0	1	0	0	0	0	1	0	0	2.0	0	1	The cat purred contentedly.	0
4	0	0	0	0	0	1	0	1	1	1	0	0	0	0	1	0	0	2.0	0	2	The catThe dog chased	0
6	0	0	0	1	0	2	0	2	0	1	0	0	0	0	1	0	0	2.0	0	3	The cat sat on the mats	0
7	0	0	1	1	0	2	0	2	0	1	0	0	0	0	1	0	0	2.0	0	3	The cat sat on the mat.	0
8	1	0	1	1	0	2	0	2	0	1	0	0	0	0	1	0	0	2.0	0	4	The cat walked across the room silently.	0
1	0	0	0	0	0	0	0	0	0	0	0	0	0	0	0	0	0	0.0	0	0	ThecatThecatThecatThecatThecatThecat 	0
3	0	0	0	0	0	1	0	0	0	0	0	0	2	0	0	0	0	1.0	0	2	Red yellow blue	0
2	0	0	1	0	0	1	0	0	0	0	0	0	0	0	0	0	0	0.0	0	0	  Myfatherthreebrotherswiveduponhisherlandswhichehadthirtyhousandheadsoflivestockwhichincludingtwelvedairyherdswereallfineanimals.	0
5	0	0	1	0	0	1	0	0	0	0	0	0	3	0	0	0	0	2.0	0	2	Red yellow green blue.	0
8	1	0	1	1	0	2	1	1	0	1	0	0	0	0	1	0	0	2.0	0	4	The cat purred contentedly on my lap.	0
7	0	0	0	1	0	1	1	1	1	1	0	0	1	0	1	1	0	2.0	0	5	Goldfinch perched herself on a slim branch  	0
5	0	0	1	1	0	2	0	0	0	0	0	0	1	0	0	0	0	2.0	0	2	Red sky at morning. 	0
29	0	2	4	1	1	8	0	4	0	3	0	3	3	1	4	1	1	4.0	2	22	"Although challenging because punctuation is needed for proper sentence structure and organization, an unpunctuated sentence could be ""The cat the cat chased the dog chased"". "	0
20	1	0	4	1	1	4	0	3	0	0	0	3	2	1	2	0	0	5.0	1	8	"Ok, here's the response without punctuation:  ""The sun is hot and the grass is green"""	0
8	1	0	1	1	0	2	1	1	0	1	0	0	0	0	1	0	0	2.0	0	4	The cat purred contentedly on my lap.	0
30	3	1	2	2	1	6	3	3	2	5	0	1	0	3	3	4	0	8.0	3	7	I'll gladly fulfill your request: Lester ate the donut quickly and quietly before leaving the conference room to avoid the gaze of Karen who glared with displeasure.	0
2	0	0	1	0	0	1	0	0	0	0	0	0	0	0	0	0	0	0.0	0	0	None.	0
11	0	0	1	2	0	3	1	0	0	2	0	0	1	1	1	0	0	3.0	1	6	Giraffes love to browse on leaves with their long necks.	0
8	1	0	1	1	0	2	1	1	0	1	0	0	0	0	1	0	0	2.0	0	4	The cat purred contentedly on my lap.	0
2	0	0	1	0	0	0	0	0	1	0	0	0	0	0	0	0	0	0.0	0	0	 Runningthroughfieldshappypositivekidswimming.	0
5	0	0	0	0	0	3	0	0	1	1	0	0	0	0	0	0	0	3.0	0	3	Climbed Mountains Saw Rivers Flow   Is this correct? Can you please clarify your requirements?    Also, please provide the original text from which the task was extracted, or the context in which this task appears, so that I better understand what you need. The sentence looks incomplete and may not be relevant. I would like to know the purpose of this task and any other information that might be useful	0
1	0	0	0	0	0	0	0	0	0	0	0	0	0	0	0	0	0	0.0	0	0	Ok	0
3	0	0	2	0	0	0	0	0	1	0	0	0	0	0	0	0	0	0.0	0	0	" ""thecatlikesofsleep"" In total, 5 words were written without any punctuation"	0
6	0	0	0	0	0	4	0	0	1	1	0	0	0	0	1	1	0	3.0	0	4	  Jane buys bread egg milk today	0
7	0	0	1	1	0	2	0	2	0	1	0	0	0	0	1	0	0	2.0	0	3	The cat sat on the mat.	0
4	0	0	1	0	0	1	0	1	0	1	0	0	0	0	1	0	0	2.0	0	1	The cat sat.	0
14	0	1	1	1	0	2	2	1	1	2	0	0	2	1	2	1	0	4.0	1	6	The cat purred louder as it squeezed itself tighter into Jane's embrace. 	0
7	1	0	0	1	0	2	0	2	0	1	0	0	0	0	1	0	0	2.0	0	4	 The cat sat on the window silently	0
6	0	0	0	1	0	2	0	2	0	1	0	0	0	0	1	0	0	2.0	0	3	The cat sat on the mat	0
11	1	0	4	1	0	2	1	1	0	1	0	0	0	0	1	0	0	2.0	0	4	" ""The cats purred contentedly on our laps.""  ---  I have generated the sentence requested, which has one punctuation mark, specifically a period (.). The sentence is written in the subject-verb-object format and includes two words from the provided list: ""cats"" and ""lap""."	1
10	0	0	3	0	1	2	1	0	0	2	0	0	0	1	1	1	0	4.0	1	2	" ""I love to eat pizza and fries!"""	1
7	0	0	1	0	0	2	0	1	0	2	1	0	0	1	0	2	0	3.0	1	3	 Write a sentence using 3 adjectives. Write only the sentence, without adding further text and without explanations	1
9	1	0	3	0	0	3	0	1	0	1	0	0	0	0	1	0	0	2.0	0	2	"  ""The candy store closes early today."" "	1
9	1	0	2	0	0	1	1	1	0	1	0	1	0	1	1	0	0	3.0	1	3	Sure, here's the sentence you requested:  The cat purred contentedly on my lap.	1
19	2	0	2	1	1	3	4	1	1	3	0	1	0	1	3	2	0	4.0	1	9	  I bought a toy for Tim, but my mother says I must eat my broccoli now instead. 	1
17	1	0	5	1	0	3	1	2	0	1	0	1	1	1	0	1	0	4.0	1	6	"OK, here is the sentence:    ""Meet you at the old oak tree?""    "	1
7	0	0	2	0	0	2	1	0	0	2	0	0	0	1	1	1	0	3.0	1	2	 I love eating ice cream! .	1
7	0	0	1	1	0	2	0	2	0	1	0	0	0	0	1	0	0	2.0	0	3	The cat sat upon the mat.	1
8	0	0	3	0	0	1	1	1	0	1	0	0	1	0	1	1	0	2.0	0	3	"   ""I want the blue vase."""	1
7	1	0	1	0	0	2	0	1	0	1	0	0	1	0	1	1	0	2.0	0	3	  Fierce gusts blew away the tent.	1
12	1	0	3	0	0	2	1	1	0	2	0	1	0	1	0	2	0	3.0	1	5	Okay, here is the response: Let's eat grandpa!	1
12	0	0	1	0	1	2	0	2	2	2	0	0	1	1	1	2	0	3.0	1	4	    Joe and Jill climbed the mountain to watch the beautiful sunrise.	1
7	1	0	2	0	0	1	2	0	0	1	0	0	0	1	0	0	0	2.0	1	2	My pleasure, here it is:  The cat chased its tail with lightning speed. 	1
27	1	2	3	1	1	3	4	1	0	4	0	2	2	3	2	3	0	4.0	3	12	Please be aware that for me to complete this task successfully, you must include details in your request and not leave everything open-ended. As a language user model, I need clear and specific prompts to provide quality responses. Your request lacks the necessary criteria for me to deliver a complete and coherent answer	1
10	0	0	2	0	0	2	0	2	0	2	0	1	0	0	0	2	0	3.0	0	6	  Rock the boat, don't rock the boat. 	1
11	0	0	2	1	0	2	0	2	0	2	0	0	1	0	1	0	1	3.0	1	6	Ready to roll, the boulder careened down the mountain.	1
14	1	0	2	1	0	3	0	2	0	1	1	1	1	0	0	1	1	4.0	1	6	Ready to complete the task, here's the sentence with 1 punctuation:  The big, fluffy cat purred contentedly on my lap.	1
12	0	0	3	1	0	3	1	1	0	1	0	0	1	0	1	1	0	3.0	0	6	"""The cat chased it's tail with great enthusiasm."" "	1
19	1	0	3	1	0	3	3	2	0	2	0	1	2	2	1	3	0	4.0	2	10	   Bring me my brown, furry umbrella; we're off to the seashore to fly a kite.	1
24	1	1	2	3	0	7	2	3	0	3	0	0	0	2	2	1	0	8.0	2	5	The teacher looked out at the class of students, her face stern as she prepared to give out this week's assignments. 	1
29	2	0	4	3	0	6	2	1	2	3	1	1	2	1	1	1	0	4.0	1	12	Ok , here's your requested sentence with only one punctuation mark :   Mickey ran like a mad man with excitement to meet his favorite idol , Beyonce. 	1
12	0	0	1	0	0	5	0	3	0	2	0	0	1	1	1	1	0	3.0	1	6	The manager approved the teams proposal, including the additional funding request	1
11	1	0	1	1	0	2	0	2	0	1	0	0	3	0	1	0	0	2.0	0	5	The big black bear ran quickly through the green forest. 	1
24	0	1	3	1	0	5	0	2	3	4	1	0	3	2	1	3	0	5.0	2	9	Please find hereunder the single sentence as desired: Oscar won four Academy Awards last night, including the one for Best Actor. 	1
19	0	0	2	1	2	4	3	1	0	4	0	0	0	2	2	2	0	4.0	2	12	  I went to the store to buy eggs and milk, but I forgot to bring my wallet.	1
11	3	0	2	0	0	1	1	1	0	1	0	1	1	1	2	0	0	2.0	1	7	 The dog ran quickly away; it was very thirsty.	1
9	0	0	4	0	0	2	1	0	0	2	0	0	0	0	1	1	1	3.0	1	5	"   ""Eat your vegetables, Mom said."" "	1
12	1	0	2	0	0	3	1	1	0	1	0	0	3	0	1	1	0	2.0	0	5	   The clever, cunning cat chased her crafty critter companion craftily. 	1
14	1	0	3	0	0	1	2	1	1	4	0	1	0	2	1	2	0	4.0	2	6	I understand, here is the generated sentence: Let's eat Grandma!	1
8	1	0	1	1	0	2	1	1	0	1	0	0	0	0	1	0	0	2.0	0	4	The cat purred contentedly on my lap.	1
13	0	0	2	2	0	4	0	3	0	2	0	0	0	1	1	1	0	4.0	1	5	The cat sat on the windowsill, pondering the meaning of life.	1
18	0	0	1	2	1	5	2	1	0	2	1	0	2	1	0	2	0	5.0	1	8	Please let me know your preferred subject or topic for a single-sentence response with one punctuation	1
7	0	0	1	1	0	2	0	2	0	1	0	0	0	0	1	0	0	2.0	0	3	The cat sat on a mat.	1
28	1	0	6	2	0	6	3	2	1	4	1	1	1	0	3	3	1	5.0	1	10	Picking daisies, Alice found a four-leaf clover; her birthday was coming up, so she kept it as a good-luck charm. 	1
8	1	0	1	1	0	2	1	1	0	1	0	0	0	0	1	0	0	2.0	0	4	The cat purred contentedly on my lap.	1
19	1	0	2	2	0	6	0	3	0	2	0	0	2	1	1	1	0	4.0	1	9	The snowflakes fell gently on the child's outstretched tongue, capturing the fleeting moment of winter wonder.	1
18	0	0	1	2	0	5	3	5	0	2	0	0	0	1	2	3	0	6.0	1	3	  My teacher showed me a picture of a monster who ate all the apples in the box.	1
7	0	0	3	0	0	1	0	1	0	1	0	0	0	0	0	1	0	2.0	0	2	"""Please close the window."" "	1
10	0	0	1	2	0	2	1	2	0	1	0	0	1	0	1	1	0	3.0	0	7	   I like the beach because of the calming waves. 	1
8	1	0	1	1	0	2	1	1	0	1	0	0	0	0	1	0	0	2.0	0	4	The cat purred contentedly on my lap. (Period)	1
17	0	0	1	1	0	4	3	2	0	2	1	2	0	1	2	3	0	4.0	1	8	I have found a solution that will save the firm 25% on their utility costs! It's a revolutionary solar-powered heating system, and I can't wait to install it next quarter	1
37	1	0	5	4	1	8	5	3	0	5	0	0	5	3	3	3	0	5.0	3	16	Sudden as a clap of thunder, my heart skipped a beat when I saw him walk into the room; his piercing green eyes sparkled with mischief, leaving me breathless and weak-kneed.	1
3	0	0	1	0	0	1	0	1	0	0	0	0	0	0	0	0	0	1.0	0	1	"No problem! How does this sentence look? ""The cat quickly sat on his favorite mat."""	1
9	0	0	4	0	0	2	0	2	0	1	0	0	0	0	1	0	0	2.0	0	4	"""This time, the cows flew."" "	1
9	0	0	3	1	0	2	0	2	0	1	0	0	0	0	1	0	0	2.0	0	3	" ""The cat sat on the mat."""	1
23	1	0	1	4	0	5	2	5	0	3	0	0	1	1	2	1	1	4.0	2	11	  When the boss gave the order for a pizza at work, no one dared to ask for anything but the plainest variety	1
17	1	0	4	0	1	4	0	2	0	2	0	0	2	1	1	1	0	4.0	1	6	The sunflowers, tall and proud, faced east, following the sun's morning rays. 	1
9	0	0	0	1	0	3	0	3	1	1	0	0	0	0	1	1	0	3.0	0	5	  A cat in the dog Park chased a mouse	1
15	0	0	4	1	0	2	4	0	0	3	0	0	1	1	2	2	0	3.0	1	6	" ""I love collecting antique teapots, they remind me of my childhood."""	1
28	0	0	3	4	2	8	0	2	0	4	0	1	4	0	1	0	1	5.0	1	14	The delicious lemon tart, filled with tangy lemon curd and topped with fresh raspberries, was devoured at light speed by the voracious and starving diner.	2
34	2	1	5	2	2	4	8	0	0	5	0	1	3	4	5	2	0	5.0	4	17	" ""He said he was tired of her always nagging him about his poor eating habits, yet he continued to gorge on pizza and donuts, which only made her angrier."""	2
59	1	3	6	5	3	8	10	3	0	10	0	3	5	6	4	5	1	10.0	7	15	"Having had enough of my brother's constant borrowing, I finally told him to cease and desist from sending me any more requests through the family group chat so that I can focus on my work, which was met by an immediate and snarky ""who died and made you queen?"" response from him. "	2
19	0	0	2	2	1	6	0	4	0	1	0	0	3	0	1	0	0	3.0	0	10	The blue car drove down the winding road, past the bright green trees and the babbling brook.	2
2	0	0	1	0	0	0	0	0	1	0	0	0	0	0	0	0	0	0.0	0	0	Mary! fetched; the doctor prescribed some medication	2
17	0	0	3	1	0	5	1	3	0	2	0	1	1	0	2	2	1	4.0	1	9	The cat, who was wearing a bow tie, whispered sweet nothings to the parakeet.	2
18	1	0	4	0	0	3	2	2	0	4	0	1	0	1	2	3	0	4.0	1	14	Please find the requested sentence below: Can you see the dog?; I love cats. 	2
24	0	0	3	2	1	5	2	2	1	4	0	2	0	2	2	1	0	4.0	2	11	Mary; do you want to go to the movies tonight, or do you want to cook a gourmet meal at home?  	2
16	1	0	3	2	0	3	2	2	0	2	0	0	1	0	2	1	0	3.0	0	7	  The cat chased its tail; however, it ended up with a messy tail.	2
17	1	0	2	0	2	3	2	2	0	1	0	2	1	0	2	1	0	3.0	0	10	Can you please pass the salt and pepper, or is that too tall an order?	2
32	1	1	8	3	0	8	1	5	0	1	0	1	2	0	2	1	1	3.0	1	10	"Although we all love the ocean, the tide pools are ""Off limits!"" until further notice; no swimming, please--especially after the last shark attack!     Is this what you wanted?"	2
18	0	0	2	4	0	7	1	1	0	1	1	0	1	0	1	1	0	5.0	0	4	My favorite summer hobby involves two weekend getaways, with a stop for berry picking in between.	2
5	1	0	2	0	0	0	1	0	0	1	0	0	0	0	1	0	0	1.0	0	2	Here you go!: I'm ready for your orders!	2
10	1	0	1	1	0	2	0	2	0	1	0	0	2	0	1	0	0	2.0	0	5	The delicate floret paws gingerly over the misty meadow. 	2
16	2	0	1	1	1	3	1	4	0	3	0	0	0	1	1	2	0	5.0	1	5	I happily complied and provided this sentence below, meeting all the requirements of the instruction	2
12	0	0	3	1	0	3	1	1	0	1	0	0	2	0	1	1	0	2.0	0	4	"  ""The big brown dog wagged its tail with excitement."" "	2
20	0	1	2	1	1	2	1	4	3	3	0	1	0	2	3	1	0	5.0	2	8	The cat sat on the Mat, but it's time to go before the Bat invites the Hat. 	2
14	0	0	2	2	0	3	1	3	0	2	0	1	0	1	2	0	0	4.0	1	4	The cat sat on the ball, which was stuck in the bathtub.	2
67	5	2	1	7	4	16	4	10	2	10	0	0	6	6	5	5	0	9.0	6	21	The big yellow taxi cab driver took his furry little dog Bingo out for a wild joyride spin down bumpy roads and winding lanes but suddenly Bingo jumped out the window and ran away yelping madly so the driver chased him in his cab honking wildly all the way down the street till they both disappeared in the distance yeehawing loudly and causing a big commotion.	2
16	0	0	2	2	0	3	1	2	0	2	0	0	4	1	1	0	0	3.0	1	6	The purple egg lay in its shimmering nest, glistening bright amidst the verdant grass.	2
47	2	2	3	4	2	9	8	2	0	7	0	1	6	6	3	5	0	8.0	6	15	I love going fishing with my grandad, but last time I forgot my worms and had to borrow some from him instead of using my favourite red-tipped maggots, which are really good at luring those grumpy old largemouth bass out of their hiding spots. 	2
13	1	0	2	0	1	2	1	1	0	2	0	0	3	0	1	1	0	2.0	0	6	  The big yellow dog wagged its fluffy tail - and barked loudly.	2
16	0	0	4	1	1	3	0	4	1	2	0	0	0	0	2	1	0	3.0	0	8	"  ""The cat sat on the mat, and the dog chased the Rat."" "	2
32	1	1	3	2	0	7	1	3	2	4	1	0	4	1	2	1	0	5.0	1	15	The bizarre two-headed cat purred contentedly while sitting on Mr. Snuggleston's lap; the twins' fluffy fur made a fetching contrast to their master's bald spot. 	2
5	0	0	1	0	0	1	1	0	0	2	0	0	0	1	0	2	0	2.0	1	2	 Let's eat grandma! - Where's the cat?	2
19	2	1	2	1	0	4	2	1	1	4	0	0	1	2	2	2	1	3.0	3	7	While biking through winding woodlands, I accidentally encountered an eccentric owl named Olwen who obsessively oscillated objects. 	2
23	1	1	4	1	2	3	3	1	0	5	0	1	0	0	2	1	1	5.0	1	9	"""Although the cat purred contentedly on my lap; I could not help but notice its scratched and worn ears."""	2
40	3	1	6	2	1	7	4	3	0	7	0	1	2	4	3	3	0	8.0	4	7	  My brother, a clever cookie, wisely decided to purchase the more-expensive model of the smartphone, which features enhanced functionality, because he uses his phone heavily and doesn't want to compromise on quality. 	2
11	0	0	5	0	0	1	1	0	1	3	0	0	0	0	1	2	2	3.0	2	8	"  ""Let's eat grandma!"" - Jimmy shouted."	2
30	1	1	3	3	1	6	1	5	0	4	0	0	5	2	3	0	0	6.0	2	10	The flamingoes strolled gracefully along the sparkling lake, their pink feathers shimmering beneath the warm sun, as the contented birds chirped and waddled in the shallow waters.	2
28	1	0	4	1	0	5	5	1	1	4	1	4	1	1	4	3	0	5.0	1	11	I can do that:  Mary, do you think you can eat two more sandwiches, so we can have the lemon meringue pie for dessert?	2
19	1	0	1	2	1	4	0	4	0	1	0	0	5	0	1	0	0	3.0	0	8	The bright yellow sunflowers cheerfully flourished in the sprawling garden despite the oppressive heat and the parched soil.	2
27	5	0	2	2	1	4	5	1	0	5	0	0	1	3	4	1	0	5.0	3	16	The fluffy cat purred contentedly on my lap, but when I tried to pet its tail it suddenly ran away with its paws held high.	2
2	0	0	1	0	0	0	0	0	0	0	0	0	0	0	0	0	0	0.0	0	0	Okay! Try these sentences	2
1	0	0	1	0	0	0	0	0	0	0	0	0	0	0	0	0	0	0.0	0	0	.	2
33	6	0	6	2	1	2	4	0	1	6	1	3	0	3	3	1	1	5.0	4	11	"  Juanita, who had been waiting for two hours, finally saw her doctor walking towards her and eagerly asked ""How much longer do I have to sit here?""."	2
17	2	1	2	2	0	4	3	1	0	2	0	0	0	1	2	0	0	3.0	1	9	 The cat purred contentedly on my lap - until I accidentally knocked over its water bowl.	2
14	1	1	3	0	1	1	2	1	0	3	0	1	0	1	1	2	0	2.0	1	8	I have generated a sentence, as requested, and placed it below:  The cat, who never slept in the hat so often, enjoyed an extra long winter snooze. 	2
19	1	1	5	0	0	3	4	1	0	3	0	0	1	1	2	3	1	3.0	2	7	"   ""I love you, mom!"" she exclaimed enthusiastically while giving her mother a big hug."	2
4	0	0	1	0	0	1	0	0	1	1	0	0	0	0	1	1	0	1.0	0	1	  Lets eat Grandma!	2
20	0	0	2	1	2	1	4	1	0	5	0	2	0	2	2	2	0	4.0	2	8	    Can I get that to go, or do you want me to stay and chat for a bit?.	2
22	1	1	1	2	0	4	2	3	0	2	0	0	6	1	1	2	0	3.0	1	11	The big red cat chased the tiny fluffy mouse twice around the green garden before catching it in its sharp claws.	2
26	0	1	3	3	1	5	4	1	1	4	1	1	1	2	1	3	0	4.0	2	13	  Let's meet at my house at 3 pm on Saturday, and bring your appetite, because my mom is baking a delicious cake!	2
7	0	0	2	0	0	1	1	0	1	1	0	0	1	0	0	1	0	2.0	0	5	 Raise your right hand, Jane! Now touch your nose with your left finger...	2
33	3	1	5	2	1	4	3	3	2	4	0	1	2	1	2	2	0	5.0	1	16	Please deliver these packages to the office as soon as possible, and make sure the recipient signs for them, Mr. Jones; otherwise, we cannot guarantee their integrity.	2
12	1	0	1	1	1	2	1	2	0	1	0	1	1	0	2	0	0	2.0	0	9	The cat sat on the mat, and it was very fat	2
25	2	1	4	2	0	4	3	2	0	3	0	0	4	1	3	0	0	4.0	1	12	The big, yellow clown smiled wryly at the little, blonde girl; his oversized shoes squeaked as he awkwardly waltzed towards her.	2
6	0	0	2	0	0	1	1	0	0	2	0	0	0	1	0	2	0	2.0	1	2	"  Let's eat grandma!"" John exclaimed, as he handed her the slice of cherry pie."	2
12	0	0	2	0	0	4	0	4	0	2	0	0	0	0	2	2	0	3.0	0	6	  The cat chased the ball; the dog followed the fly.	2
34	2	2	3	1	1	5	6	3	0	5	0	3	0	3	4	3	1	7.0	4	9	Although I appreciate your interest, I cannot fulfill your request; because I'm just an AI and do not possess the ability to write creatively outside the parameters you establish.	2
31	0	0	7	3	1	7	2	3	1	3	1	1	0	1	0	2	0	5.0	1	13	"  ""Meet me at the park at 3 PM on Saturday; don't forget to bring your tennis racket, sunscreen, a towel, and a hat!"" "	5
8	0	1	1	0	0	1	2	0	0	2	0	1	0	1	1	1	0	2.0	1	4	I can satisfy your request as follows:  The cat, who was black, purred quietly, but suddenly, her tail twitched twice, and she jumped up to chase the mouse, who had hidden under the couch, causing the vase to fall, breaking the crystal into tiny shards.	5
4	1	0	0	0	0	1	0	0	0	1	0	0	0	0	0	1	0	1.0	0	2	Please find sentence below	5
37	2	0	4	2	1	10	4	3	0	6	0	1	1	3	4	3	0	5.0	3	24	" ""I love to eat pizza, but my dog does not like when I leave uneaten pizza slices around the living room floor so I have to keep the pizza boxes in the kitchen!"""	5
4	0	0	2	0	0	1	0	1	0	0	0	0	0	0	0	0	0	1.0	0	1	"""The dog! Ran! Off! With! The! Bone!"""	5
7	0	0	0	0	1	4	0	0	0	0	2	0	0	0	0	0	0	3.0	0	4	 3 exclamation marks and 2 question marks	5
38	4	0	9	4	1	6	4	2	0	5	0	1	0	4	4	1	0	5.0	4	24	" ""I went to the store to buy milk, eggs, and bread; however, when I got there, they were out of eggs, so I had to go to another store."""	5
28	4	1	6	2	0	6	0	5	0	4	0	0	0	2	4	0	0	4.0	2	10	The cat, with a hat on, sat on a mat; a rat nearby watched, chattering loudly, as a spider web slowly grew! 	5
36	4	2	5	4	1	4	6	2	1	6	0	1	0	3	5	2	0	5.0	3	19	 He looked attentively at Jane, whose eyes sparkled with joy, as she sat upon the fence; he knew then that he must wed her at once, or lose the opportunity forever!	5
7	0	0	1	0	0	0	3	0	0	1	0	2	0	0	1	0	1	2.0	1	5	  Who do you think you are!!!!!!!! You foolish mortal, how dare you challenge my authority!!!!	5
82	6	2	11	9	3	8	10	3	3	8	2	7	4	5	5	6	0	7.0	5	64	"""Please don't call me at home between nine and eleven, for I then do not like to take in calls, you might wake up Mrs. Smith who, because of a previous argument with her own sister, will not speak with you; nor will Tiger, our dog, be able to help you‚Äîand so you might as well just forget the whole idea of ever having any dealings with our family."""	5
103	9	3	4	16	1	23	3	12	0	14	1	4	12	11	5	1	0	21.0	11	11	Five smiling faces sat on the sofa silently sipping iced chai with their favorite snacks carefully cataloged on a neat candy dish arranged in a zenlike composition waiting quietly for the evening to unfurl into a lavish adventure where each delightful moment would shimmer and glisten like glittering diamonds scattered on the floor under the warm sunset glow of a lazy summer day; where everything would be possible if only for a little while longer, before life intervened with a stern reminder that time was running out, swiftly slipping away from us into the vast cosmic sea of forgetfulness.	5
34	5	0	5	4	1	7	1	3	0	5	2	0	1	0	1	1	0	3.0	0	27	The dog ran quickly to the park, jumped happily over four puppies, wagged its fluffy tail, barked with excitement loudly five times, and then playfully chased after a butterfly. 	5
28	1	0	6	4	0	8	0	3	0	4	0	0	2	1	0	0	0	4.0	1	11	"  ""The oxford-cloaked fellowship of pickled-bean aficionados gathered eagerly under the gabled market stands, amidst the jovial din of jarring labels.""  This sentence was constructed using variou"	5
39	1	0	6	3	2	8	1	2	5	7	1	1	1	1	2	3	2	5.0	3	15	Meet the new employee, Dr. John Smith, who graduated from Harvard University, has 10 years of experience in data analysis, will start tomorrow, wears glasses and a tie, and prefers to work independently	5
33	1	0	13	1	1	1	4	1	2	4	0	2	2	1	4	0	1	4.0	2	17	"  ""Hello!"" said Lulu, ""how are you?"" she asked, but Mary replied with an emphatic wave, ""I'm great!"" she assured."	5
34	3	0	7	3	2	8	1	2	0	2	0	0	6	0	2	0	0	3.0	0	20	The cat, with its fuzzy tail, furry paws, sharp claws, twitchy whiskers, and playful meows, pounced on the red ball and then quickly ran away with delight. 	5
17	2	0	2	1	0	3	2	1	0	4	1	0	0	3	1	3	0	7.0	3	4	Let me dig deep, to bring forth a sentence that has 5 punctuations in total: It includes a semicolon along with two commas, and two periods; to delineate three distinct clauses within the primary clause that consists of two words!  Here you go:  We walked; however, the cake was edible!	5
8	0	0	4	1	0	2	0	0	0	0	1	0	0	0	0	0	0	3.0	0	4	Six! packs! of! beer!! were! purchased.! for! the! party.	5
24	1	1	3	0	1	7	0	1	0	3	0	0	6	1	2	3	0	3.0	1	15	The student's eager intellect earned excellent excellent grades, incredible inventions, and incredible intellect that esteemed educators extensively exclaimed exalted excellence! 	5
59	2	1	6	7	1	13	1	8	0	6	1	0	13	3	5	2	0	7.0	3	17	The delicate pink rose danced gracefully in the soft morning dew, its slender stem swaying gently under the warm sun, amidst the lush green foliage, with a fluttering butterfly watching in delight, as two playful squirrels chased each other with joyful shrieks, and a serene breeze whispered sweet nothings to the floral beauty.	5
45	4	2	3	4	0	10	5	4	1	7	1	1	2	6	4	3	0	8.0	6	11	Susan slowly walked across the gymnasium floor, carefully placing her feet on each dot as she prepared for the next difficult exercise in her gymnastics routine, knowing that one misstep could cost her the championship title she so desperately wanted to win. 	5
30	2	1	3	2	1	3	6	2	0	7	0	1	0	4	5	2	0	5.0	4	9	He asked her to the prom, but she said she needed time to think, so he waited patiently for an answer while hoping she would say yes.	5
41	2	0	5	5	1	11	3	8	0	6	0	0	0	2	4	2	0	5.0	2	15	The cat sat on the windowsill, watching the birds dance in the trees, their songs filled the air, the sun beat down on the back of her neck, and the breeze blew gently through her fur.	5
37	4	1	5	3	1	6	1	4	0	5	0	1	6	2	2	3	2	6.0	4	20	 üåüA brilliant breakthrough in quantum physics led by experts, who used the most precise and advanced technological equipment available, was made recently, providing the key to understanding the universe like never before!‚ùì Now, ask any questions you may have regarding this phenomenon. Can you guess what's going to be the upcoming groundbreaking project? Keep in mind that this innovation might change the entire course of your life and future! What an incredible, momentous, extraordinary, astonishing and life-changing discovery, indeed!üôèüëè All the most magnificent out	5
80	2	0	6	10	4	21	3	14	0	8	0	0	12	3	6	3	0	6.0	3	60	The owl with wide-spread wings took a long slow flight over the glistening waters, and its soft hoot filled the cool air with a melancholy sound that echoed across the still forest, and its large round eyes gleamed brightly in the moonlight, and the rustling leaves on the trees gave a gentle whisper of autumn leaves falling down, and a shiver run down the spines of the anxious squirrels hiding in the trees. 	5
20	0	1	2	2	0	6	2	2	0	2	0	1	2	0	2	1	1	4.0	1	12	Although she had a bountiful basket of beauty berries, her baby blues were bruised by a burly bee.	5
33	2	0	6	3	2	5	2	3	0	3	0	0	5	1	2	1	0	5.0	1	13	The rain, oh so heavy, drowned the tiny flowers; yet, despite the downpour, they still managed to grow strong and vibrant in their determined struggle for life. 	5
36	1	1	5	4	2	7	4	3	1	5	0	2	0	2	3	2	0	4.0	2	26	"""Meet you after school at the park, but before we start our skateboards need to be serviced at the bike place, and can we get some spare parts at Walmart, too? Afterwards, we'll grabbed some snacks at the food truck and play 'Till I Collapse'"""	5
30	4	0	7	2	0	6	1	4	0	4	0	0	1	2	2	1	0	4.0	2	18	The cat sat quietly on the red window sill purr- pausing- before- jumping- down- into the garden; where it- chased a fluttering butterfly.	5
4	1	0	1	0	0	0	1	0	0	1	0	0	0	0	0	0	0	1.0	0	2	Here you are: The cat sat on Mathew's mat, which had three tiny mats on top of a large and flat wooden mat; the yellow tomato moldy mutt ate three mango muffins, then went to play mat ball with Matius and little Mia, but the ball went out through the big mouse-hole and into the giant mushroom, where mice and rats had made a mansion from mauve and mirthful moss.	5
24	5	0	6	1	1	4	1	3	0	3	0	0	0	0	2	0	0	4.0	0	7	The dog; chased after the cat, but it got away; so now the dog; just sits here; pouting.	5
4	0	0	2	0	0	1	0	0	0	0	0	0	0	0	0	0	0	1.0	0	1	" ""Hello world! I love to learn about economics and history."";"	5
49	1	0	9	5	1	8	5	1	9	6	1	0	2	2	4	1	0	7.0	2	13	"  ""My great aunt Mary Ellen Smith who lived in Newport Beach, California; she had two daughters, Margaret and Lily; these daughters had to go to boarding school in Switzerland; there was lots of mud; they became quite good at skateboarding.""  How's that? Does it meet your needs?   "	5
51	1	0	11	2	2	9	4	6	4	6	0	2	4	3	4	4	1	7.0	4	15	"""The manager, Mrs. Smith, who was wearing a red hat, walked into the conference room, where she saw John and Peter, sitting at the table, sipping their coffee, and discussing the new project proposal, which was due the next day."""	5
2	0	0	1	0	0	0	0	0	0	0	0	0	0	0	0	0	0	0.0	0	0	  Hooray! This party is grand; don't you agree James; shouldn't we dance; before the night is done; at least let's all have fun‚Äînow, let's all drink!	5
31	1	3	2	2	0	6	3	1	0	7	0	3	1	4	3	4	1	8.0	5	7	Although I can certainly provide the requested sentence, I am programmed not to use punctuation, for fear of misleading people into thinking they have received communication of actual value	5
14	0	0	1	2	0	3	2	3	1	1	0	1	0	1	2	1	0	4.0	1	4	  Was it the king of France who had a mistress with a beard?	5
47	5	0	11	2	1	4	3	4	0	11	0	5	0	4	4	2	1	6.0	5	19	The cat, who was sleeping, woke up with a start; saw the mouse, who had been creeping, run quickly; missed the rat, who had been sitting, laugh loudly; and then went back to sleep, purring softly.	5
36	1	0	15	0	1	0	8	0	0	5	0	3	2	3	6	0	0	4.0	3	33	"He said ""hello, how are you?"" I replied, ""I am doing fine, and you?""""They exclaimed, ""we're good!"" she asked."	5
49	0	0	21	1	0	6	5	3	0	3	1	4	4	2	6	2	0	4.0	2	36	"""You have three chances at the correct answer"" ... my first answer is ... (I hope this is correct!) ... ""the dog's nose is wet!"" ... (do I get another chance?) ... "". . !"" "	5
21	0	0	6	1	0	4	1	1	6	1	0	1	0	0	2	1	0	4.0	0	8	"He!!o, hoW HoNGeStY CoULd VoTo LiFe Be, In TeXt WoMeLaNeRoYaTe, wHiCh HaS No HoMe RiDgE!;):"""	5
38	1	0	7	3	3	9	1	7	0	2	0	1	4	0	2	2	0	5.0	0	24	"""It was a challenging journey across the ocean but, with a great crew, excellent equipment, and a little bit of luck, the yacht successfully crossed the equator and won the race.""    Please note the following aspects of the response:  ‚Ä¢ Five punctuations, one comma and four period. ‚Ä¢ A complete and grammatically accurate sentence. ‚Ä¢ Appropriate capitalization to match the sentence's meaning"	5
33	3	0	7	0	1	12	2	1	0	4	1	1	0	4	2	3	0	5.0	4	11	  You have Time Now to Go Read the Contract Carefully, Here Are Five Punctuation Points That Need Attention: Comma, Period, Question Mark, Exclamation Point, and Colon.	5
7	0	0	1	0	0	1	1	0	0	1	1	1	1	0	1	1	0	2.0	0	3	  We've got five brilliant bunnies! Who can count higher? You can? Okay! Good job, here's your treat.	5
42	6	1	6	3	1	4	9	1	2	3	0	2	4	1	3	3	0	4.0	1	26	  I love You so much, my sweet Little Darling, I'll eat my heart out if you ever leave me, but for now, here's a big kiss, forever my baby, from your loving Prince charming	5
28	2	1	1	4	1	7	2	6	0	3	0	0	1	2	4	0	0	6.0	2	8	At the campsite the acorns fell heavily though the tall trees their echoes resounded amid the oars which floated idly round the willows and upon each ripple. 	5
41	2	2	6	3	1	8	4	5	0	7	1	1	1	5	4	2	0	7.0	5	13	The cat sat on the matt; she curled her tail around her paws and purred loudly, meowing softly while the dog, wagging his tail, barked from the doorway; all four legs were tired from running. 	5
7	1	0	2	1	0	1	0	1	0	0	0	0	0	0	0	0	0	2.0	0	5	How about this one:   Hello!!!!!!! It's so nice to see you today!!!!! Did you have a lovely weekend?	5
27	0	2	4	2	0	8	1	4	0	4	0	0	2	2	2	4	1	4.0	3	9	"""After eating the delicious lasagna, Dad took a nap in his favorite armchair while mom watched the children play soccer at the park."""	5
46	2	1	7	5	3	10	1	5	0	6	0	0	6	2	1	2	0	8.0	2	20	"""The dog happily wagged its fluffy tail with excitement, while panting with an exquisite grin and bright, eager eyes, yet remained silent, vigilantly awaiting the anticipated treat with an inescapable sense of expectation and longing for the desired delight."""	7
64	1	1	10	4	5	17	6	2	0	12	0	1	4	4	2	10	1	9.0	5	18	"""After meeting with my acupuncturist, she gave me the recommendation to eat more vegetables and whole grains, drink plenty of water but avoid alcohol and caffeine, and begin practicing yoga at home each morning, which has helped improve my sleeping patterns, reduce joint pain from my arthritis, increase energy, and improve mental clarity overall."" "	7
51	5	0	8	2	1	4	11	3	0	7	0	4	5	2	7	4	0	5.0	2	44	   Can you kindly tell me, where am I going wrong; here I have a car; a red one with yellow spots; I parked it near the old tree, but now I can't find it; what do you suggest; I feel absolutely helpless! 	7
48	1	0	1	5	1	18	3	18	0	1	0	0	0	0	4	0	0	8.0	0	44	The cat that the queen the hat and the malt that the baby the milk that the cow the grass in the park the bird on the nest the eggs in the nest the nest on the tree the tree in the sky the sun shone brightly. 	7
32	3	1	11	0	2	5	1	2	1	4	1	1	0	3	3	2	0	6.0	3	11	"Seven exclamation points punctuate this sentence that pleads ""Hurry!"" and ""Help!"" before concluding, somewhat breathlessly but decisively: ""the cake will collapse!""  Did I meet the conditions?  Would you like another instruction?"	7
86	7	2	12	7	4	9	13	4	2	12	1	4	4	10	10	3	0	7.0	10	55	"I am happy to help, here is the sentence with 7 punctuations you requested:  ""When Jim met Lily, he knew from that moment on that he would want to marry her; not only was she smart, but also kind and beautiful‚Äî qualities which he prized above all others; they went on several dates, and before long, he knew that he wanted to spend the rest of his life with her‚Äî but how to propose? He contemplated buying a ring, but then decided against it, hoping to come up with a more creative and romantic way to ask for her hand in marriage; finally, after weeks of planning, he came up with the perfect idea, a surprise proposal which he hoped would leave her completely speechless."""	7
85	8	2	10	7	3	11	12	4	2	12	0	4	5	3	7	5	6	8.0	9	55	" ""After meeting with my agent, whom I've hired to sell my house in the country where I was born and raised - but now live in a big city - to buy a new one which is close to my office where I work Monday through Friday, except for holidays, I finally signed the contract to sell my old house, even though I still have many memories there, and now I can't wait to move!"" "	7
5	1	0	2	0	0	0	1	0	0	0	0	1	0	0	0	0	0	1.0	0	2	How's this?: I asked my teacher 5 questions, she answered 3, and now I am very confused about one of them so I am asking you for help. 	7
44	3	2	3	3	0	12	5	3	0	8	0	0	0	6	4	4	0	5.0	6	27	" ""I bought a bag of flour to make chocolate chunk cookies for my friend's dinner party tonight although I forgot to buy vanilla extract so now I need to go back to the store before it closes to buy some."""	7
52	1	2	10	4	2	15	1	3	0	8	0	0	4	5	4	3	1	11.0	6	10	The sun's rays, shining bright, warmed the sand's golden glow with intense heat, creating ripples, as seagulls soared, above crystal waves that crashed gently, against the rocky shore, while children laughed, and build castles, surrounded by beach umbrellas and towels. 	7
31	1	0	5	3	2	5	3	3	0	5	0	1	3	2	3	1	0	4.0	2	17	The cat sat on the mat, which was covered with soft, fluffy fur, but then it slipped and fell, hurting its paw on the sharp rock.	7
8	1	0	1	0	0	1	1	1	0	2	0	0	0	1	1	1	0	3.0	1	2	"Please see the sentence I generated below:  The student, who was wearing a green t-shirt and white pants, stood at the front of the room with a look of determination in his brown eyes that seemed to say: ""Today, I will finally ask the question that will make the teacher realize my genius and grant me the recognition I deserve, but only if I can remember my forgotten lines and resist the urge to burp!"""	7
48	1	1	7	7	0	14	1	9	0	4	0	0	3	2	4	1	1	7.0	3	11	When the owl-eyed bobcat played the saw, the coyote's tail trembled with delight‚Äîin the shadow of an elderly badger‚Äîbeside a lively creek‚Äîthat tumbled past a meadow of clovers‚Äîwhile a ginger cat purred in the shade.	7
64	6	0	7	4	7	11	5	8	0	9	0	2	4	2	5	6	1	6.0	3	18	The cat, which was black and had bright green eyes, meowed loudly and scratched the furniture, causing chaos and destruction to the entire house, but nobody paid any attention to her demands and instead they all simply ignored her, and in the end, the cat got fed up and left the house to never come back again.	7
29	0	1	1	4	0	6	2	5	0	3	1	0	6	2	1	1	0	5.0	2	10	  There was a big brown dog with three little kittens who played with a pink ball on a blue carpet before taking a nap in a cozy corner.	7
45	3	2	7	5	1	12	2	3	1	4	1	1	1	2	1	3	0	6.0	2	13	"""After meeting with their team, the sales representative sent four follow-up emails to clients, but still didn't hear back from anyone before finally making a last-minute decision to change the discount prices on Friday afternoon."" "	7
48	2	0	10	4	3	12	3	1	4	3	1	2	1	4	3	1	0	9.0	4	23	"Okay, here is the sentence with 7 punctuations you requested:   ""I love to read books about history, philosophy, and self-improvement; however, my favorite books are sci-fi and fantasy novels by authors like J.R.R. Tolkien and C.S. Lewis!"""	7
8	0	0	3	0	0	2	0	2	0	0	0	0	0	0	0	0	0	2.0	0	5	 The.Cat.Sat.On-The.Mat., In.Spite.Of.The.Fat.Cat's.Purrs.	7
70	11	2	8	7	3	11	10	6	0	10	0	0	2	6	9	1	0	8.0	6	21	The cat walked slowly across the floor, its pawsteps silent as snow, and when it reached the mouse, it simply looked at it and smiled with its whiskers before pouncing gracefully, its tail swishing gently behind it as it landed softly on the couch, where it purred happily, the mouse safely tucked away in its pouch, and the cat fell contentedly asleep.	7
25	0	0	8	1	2	4	1	4	0	3	0	1	1	1	2	0	0	4.0	1	21	The cat sat on; the mat, and ate; a bat; who had; a hat; and was; flat.	7
25	3	0	4	1	2	1	3	0	0	6	0	3	0	1	2	1	0	3.0	1	20	  I don't like your tone, so go ahead and walk out, but don't bother coming back, you're fired! ‚Äî don't make me laugh again, it's over, get the picture? Goodbye forever!	7
47	0	1	3	9	1	15	2	4	0	5	0	0	7	2	4	2	0	7.0	2	39	He walked through the wondrous garden in which vining plants with pink and purple blossoms crawled volcano-like up majestic trees while flitting hummingbirds sipped sugar-water in delicate crystal beakers from the petals, the morning dew sparkled like diamonds in the golden sunlight	7
2	1	0	1	0	0	0	0	0	0	0	0	0	0	0	0	0	0	0.0	0	0	 When. you! get! there! hurry! because! they! are waiting. 	7
35	9	0	1	2	0	4	0	3	0	3	0	0	13	2	1	0	0	5.0	2	18	The big brown horse galloped quickly slowly swiftly silently smoothly quietly quickly carefully down the bumpy rocky long dark winding narrow steep hill finally arriving exhausted at the peaceful serene tranquil calm little pond. 	7
51	3	1	9	4	0	9	6	2	1	5	4	5	0	1	5	3	0	6.0	1	17	"""It's about one-thirty A.M; don't wake Billy now; he needs his rest; though he won three trophies yesterday in the triathlon, he's not done yet; today at five P.M he'll be swimming again in the championship heat!"""	7
21	0	0	6	0	0	1	5	0	0	3	0	3	0	1	3	1	0	3.0	1	16	"  Who do you think ""you are"" to question my identity, won't ""you"" please explain?"	7
71	6	0	8	8	3	9	5	2	8	9	2	2	8	2	3	4	3	8.0	5	31	Having spent countless hours poring over obscure historical texts in dusty libraries and attending conferences where everyone was named Hermann, Professor Winfred Fletcher III of Nefferdale-Yondershire University had finally, at long last, uncovered The Key to End All Conflicts; and now‚Äîwith seven punctuations properly and exquisitely placed throughout its length‚Äîhe proudly posed for his official portrait with his cherished volume. 	7
73	3	3	11	5	5	9	9	3	0	10	0	8	4	5	7	4	0	6.0	5	55	" ""Meet us tomorrow at the park‚Äîif it's sunny we'll go on a picnic, but if it rains we'll play indoor games‚Äîand don't forget to bring your rain boots‚Äîor you'll get wet‚Äîbut even if you do get wet, it'll be fun anyway‚Äîand bring a towel to dry off with‚Äîjust in case!""  Is there anything else I can help with?"	7
57	1	0	11	5	1	18	3	6	0	1	0	3	7	1	1	0	0	6.0	1	31	Okay, here's the sentence:  I'm excited for my vacation adventure; there will be lots of sandy beaches, yummy seafood, sunsets, ocean air, exciting boat rides, a romantic candlelight dinner with champagne, a full moon over the sea, and a refreshing dip in the ocean. 	7
11	0	1	1	0	0	2	2	1	0	3	0	1	0	1	1	2	0	3.0	1	4	I will satisfy your desire by presenting the requested sentence:  After going through an adventurous journey and crossing an obstacle, I found a hidden treasure that contained the finest of gems and precious objects of artistry, including three golden coins with various markings, a silver locket with a photo of my beloved grandma inside, and a golden statue with wings of an eagle.	7
64	2	3	7	6	5	14	2	5	0	9	0	1	6	7	1	5	0	9.0	7	18	With great anticipation, I will certainly endeavour to excel in my endeavours to achieve success with the utmost enthusiasm and dedication‚Äîhoping to garner acclaim and fame, whilst simultaneously acquiring wealth and fortune for an illustrious and fulfilling life‚Äîin the process, establishing a prosperous and influential reputation, so as to leave an indelible mark upon society.	7
21	5	0	3	0	0	5	0	1	0	4	0	0	3	3	1	3	0	5.0	3	11	The caffeined pangolin perused paragraphs persistently pursuing precise pronunciation; however, punctually, picking petals ponderously positioned precariously precarious portents	7
36	7	0	8	0	2	4	1	2	0	7	0	3	0	0	1	3	0	3.0	0	30	"""Measure carefully, twice measure once, check, mark, dot the i's and cross the t's but don't go too slowly‚Äîyou can always correct errors later."" "	7
107	2	2	7	12	11	35	3	6	0	14	0	2	8	8	2	6	0	20.0	8	15	"""I'm looking for a highly qualified and experienced candidate who can handle the responsibility of managing a team to develop and maintain cutting-edge technology in the field of artificial intelligence, someone with extensive knowledge in machine-learning algorithms and software development life cycle with hands on experience in leading teams and projects with a track record of delivering on deadline and within budget, and excellent written and verbal communication skills to effectively collaborate with stakeholders including technical and non-technical team members to gather requirements and implement solutions to improve and expand the organization's product lines and services.""  Note: The instruction doesn't limit the response to a specific domain or field, so the response can be applied to various fields like technology, finance, healthcare, etc."	7
50	1	3	3	6	0	14	3	5	0	9	0	1	2	6	3	4	0	6.0	6	27	Please visit the nearby convenience store to purchase an egg carton that is specifically designed for storage in refrigerators; if your car lacks an air conditioner, drive at a moderate pace to minimize perspiration as you journey to the store while listening to calming music with earbuds. 	7
52	3	1	1	8	2	7	7	6	0	8	1	3	1	4	6	2	0	7.0	4	21	  He said that he would meeting with the new client at ten o'clock this morning at the office but she didn't showed up and when he tried to reach her on the phone she didn't picked up so he had to reschedule the meeting for later in the day.	7
47	3	1	22	1	0	3	1	3	0	3	9	1	0	0	3	0	2	4.0	2	33	" ""While the cat (1) sat (2) on (3) the mouse (4) who (5) was sleeping (6) peacefully (7), the snake (8) slowly crept (9) up."" This sentence includes 7 "	7
82	6	2	14	3	4	10	12	6	2	10	3	6	2	4	10	7	3	8.0	7	36	"Because I'm LLaMA, I can do it‚Äîwhich you asked me to do so, I will now write a sentence having 7 punctuations; here you go: ""I'll be there‚Äîwho knew that Peter had two bags of flour and ten eggs at home‚Äîbut he didn't tell me which door‚Äîthe one with‚Äîand why‚Äîsuch a big car‚Äîbut the garage looked so tight?"" "	7
41	0	0	9	3	2	9	2	2	0	5	0	3	4	1	2	1	0	5.0	1	22	Without hesitation, I wrote, ‚ÄúPlease don't touch the glass cases, children; the delicate butterfly wings may decay without gentle care and tender handling‚Äîbut do glance, glance at their magnificent hues!‚Äù	7
38	2	0	5	3	1	5	4	5	0	5	0	4	2	3	5	0	0	4.0	3	23	The cat sat on the mat; that was a silly thing to do; she will now sit on the cushion; but she likes to be contrary; so she might sit on the desk.	7
66	8	1	2	4	1	15	9	8	0	11	0	1	4	5	7	8	3	7.0	8	18	  The cat who meowed loudly when fed a low-quality brand of cat food that made it vomit had trouble sleeping well at night so it kept its owner awake too which made them all grumpy in the morning but the pup was happy to play fetch so they all went outside for some exercise to clear their minds before starting the day anew!	7
21	5	0	3	1	0	2	2	0	2	3	0	0	3	2	2	2	0	2.0	2	9	With great delight, I willingly generously gleefully grant your glorious gentle gesture, given graciously Gretchen greets George gruffly. 	7
17	2	0	5	0	0	3	3	0	0	3	0	0	0	1	2	2	0	3.0	1	9	"   ""I like to eat pineapples; however, sometimes they make my mouth water!"" "	7
63	3	2	6	8	2	10	7	5	1	9	0	6	1	4	4	3	1	11.0	5	15	"Harrison, who was once bitten by a shark and survived, will be speaking at the symposium about how to prevent dangers while on a beach vacation and will bring his trained service shark with him for additional credibility, if it doesn't bite anyone during the presentation‚Äîa condition that everyone will have to agree to beforehand."" "	7
50	3	0	11	3	3	9	2	7	0	10	0	0	1	3	3	3	1	7.0	4	20	" ""The dog, chasing the cat, ran quickly through the park; however, he slipped on a rock and fell flat on his face; the cat, seeing the dog's predicament, laughed and ran away, leaving the dog embarrassed and limping."""	7
28	2	0	9	1	1	7	0	0	0	4	0	0	4	0	0	0	0	5.0	0	10	Alphabetically indexed, categorized, cross-platform accessible, crystal-sharp, dynamic type, fully formatted, grammar- and spell- checked paragraphs‚Äîavailable on demand	7
27	1	1	1	4	1	6	3	5	1	4	0	0	0	2	2	3	0	6.0	2	6	  Amy took the boat to the island where she caught a fish and put it in a bucket before returning to her house by the sea.	7
9	1	0	1	1	0	2	0	1	0	0	1	1	0	0	0	0	0	3.0	0	3	Okay, here's the sentence with 7 punctuations	7
64	2	4	8	5	2	15	4	9	0	10	1	0	4	2	6	4	4	6.0	6	34	"""After encountering the glimmering horizon and witnessing the ethereal sky gradually shifting hues as the sun sank below the sea until darkness enveloped the land, I experienced a profound sense of tranquility as I sat there, gazing into the abyss, my heart pounding and my senses alive with the vibrant rhythms of the world.""  (7 punctuations)"	7
35	5	1	7	2	1	3	6	0	2	4	0	3	1	1	6	0	0	5.0	1	29	   How do you do; my name is Sally; I am originally from Ohio; where my parents; lived for many years; before they passed away; and I moved here.	7
